{
  "firstLayout": "",
  "gdVersion": {
    "build": 99,
    "major": 4,
    "minor": 0,
    "revision": 0
  },
  "properties": {
    "adaptGameResolutionAtRuntime": true,
    "folderProject": false,
    "orientation": "landscape",
    "packageName": "com.example.gamename",
    "projectUuid": "9d24014c-d79e-4eb6-82d9-773f327be718",
    "scaleMode": "nearest",
    "sizeOnStartupMode": "",
    "useExternalSourceFiles": false,
    "version": "1.0.0",
    "name": "Project",
    "author": "",
    "windowWidth": 400,
    "windowHeight": 300,
    "latestCompilationDirectory": "",
    "maxFPS": 60,
    "minFPS": 20,
    "verticalSync": false,
    "platformSpecificAssets": {},
    "loadingScreen": {
      "showGDevelopSplash": true
    },
    "extensionProperties": [],
    "platforms": [
      {
        "name": "GDevelop JS platform"
      }
    ],
    "currentPlatform": "GDevelop JS platform"
  },
  "resources": {
    "resources": [
      {
        "alwaysLoaded": false,
        "file": "Player/Player_Idle_1.png",
        "kind": "image",
        "metadata": "",
        "name": "Player\\Player_Idle_1.png",
        "smoothed": false,
        "userAdded": true
      },
      {
        "alwaysLoaded": false,
        "file": "Player/Player_Walk_1.png",
        "kind": "image",
        "metadata": "",
        "name": "Player\\Player_Walk_1.png",
        "smoothed": false,
        "userAdded": true
      },
      {
        "alwaysLoaded": false,
        "file": "Player/Player_Walk_2.png",
        "kind": "image",
        "metadata": "",
        "name": "Player\\Player_Walk_2.png",
        "smoothed": false,
        "userAdded": false
      },
      {
        "alwaysLoaded": false,
        "file": "../../Desktop/Gun_1.png",
        "kind": "image",
        "metadata": "",
        "name": "..\\..\\Desktop\\Gun_1.png",
        "smoothed": false,
        "userAdded": true
      },
      {
        "alwaysLoaded": false,
        "file": "Bullet-1.png",
        "kind": "image",
        "metadata": "",
        "name": "Bullet-1.png",
        "smoothed": false,
        "userAdded": true
      },
      {
        "alwaysLoaded": false,
        "file": "Enemy_damager-1.png",
        "kind": "image",
        "metadata": "",
        "name": "Enemy_damager-1.png",
        "smoothed": false,
        "userAdded": false
      },
      {
        "alwaysLoaded": false,
        "file": "Explosion-1.png",
        "kind": "image",
        "metadata": "",
        "name": "Explosion-1.png",
        "smoothed": false,
        "userAdded": true
      },
      {
        "alwaysLoaded": false,
        "file": "Explosion-2.png",
        "kind": "image",
        "metadata": "",
        "name": "Explosion-2.png",
        "smoothed": false,
        "userAdded": true
      },
      {
        "alwaysLoaded": false,
        "file": "Explosion-3.png",
        "kind": "image",
        "metadata": "",
        "name": "Explosion-3.png",
        "smoothed": false,
        "userAdded": true
      },
      {
        "alwaysLoaded": false,
        "file": "Explosion-4.png",
        "kind": "image",
        "metadata": "",
        "name": "Explosion-4.png",
        "smoothed": false,
        "userAdded": true
      },
      {
        "alwaysLoaded": false,
        "file": "NewFile-1.png",
        "kind": "image",
        "metadata": "",
        "name": "NewFile-1.png",
        "smoothed": false,
        "userAdded": false
      },
      {
        "alwaysLoaded": false,
        "file": "Wall-1.png",
        "kind": "image",
        "metadata": "",
        "name": "Wall-1.png",
        "smoothed": false,
        "userAdded": false
      },
      {
        "alwaysLoaded": false,
        "file": "Wall-2-1.png",
        "kind": "image",
        "metadata": "",
        "name": "Wall-2-1.png",
        "smoothed": false,
        "userAdded": true
      },
      {
        "alwaysLoaded": false,
        "file": "Target-1.png",
        "kind": "image",
        "metadata": "",
        "name": "Target-1.png",
        "smoothed": false,
        "userAdded": false
      },
      {
        "alwaysLoaded": false,
        "file": "Target-2.png",
        "kind": "image",
        "metadata": "",
        "name": "Target-2.png",
        "smoothed": false,
        "userAdded": false
      },
      {
        "alwaysLoaded": false,
        "file": "Ammo-1.png",
        "kind": "image",
        "metadata": "",
        "name": "Ammo-1.png",
        "smoothed": false,
        "userAdded": true
      }
    ],
    "resourceFolders": []
  },
  "objects": [],
  "objectsGroups": [],
  "variables": [],
  "layouts": [
    {
      "b": 209,
      "disableInputWhenNotFocused": true,
      "mangledName": "Game",
      "name": "Game",
      "oglFOV": 90,
      "oglZFar": 500,
      "oglZNear": 1,
      "r": 209,
      "standardSortMethod": true,
      "stopSoundsOnStartup": true,
      "title": "",
      "v": 209,
      "uiSettings": {
        "grid": true,
        "gridB": 255,
        "gridG": 180,
        "gridHeight": 2,
        "gridOffsetX": 0,
        "gridOffsetY": 0,
        "gridR": 158,
        "gridType": "rectangular",
        "gridWidth": 2,
        "snap": true,
        "windowMask": false,
        "zoomFactor": 1.4560000107765168
      },
      "objectsGroups": [
        {
          "name": "walls",
          "objects": [
            {
              "name": "Wall2"
            },
            {
              "name": "Wall"
            }
          ]
        }
      ],
      "variables": [],
      "instances": [
        {
          "angle": 0,
          "customSize": false,
          "height": 0,
          "layer": "",
          "locked": false,
          "name": "Player",
          "persistentUuid": "541207c6-acad-48ae-8649-6db999c09814",
          "width": 0,
          "x": 216,
          "y": 116,
          "zOrder": 3,
          "numberProperties": [],
          "stringProperties": [],
          "initialVariables": []
        },
        {
          "angle": 0,
          "customSize": false,
          "height": 0,
          "layer": "",
          "locked": false,
          "name": "Gun",
          "persistentUuid": "09053825-a991-401b-9eb1-395526e5e2a0",
          "width": 0,
          "x": 222,
          "y": 122,
          "zOrder": 4,
          "numberProperties": [],
          "stringProperties": [],
          "initialVariables": []
        },
        {
          "angle": 0,
          "customSize": true,
          "height": 4,
          "layer": "",
          "locked": false,
          "name": "Wall",
          "persistentUuid": "14903b83-f857-4216-aad5-77e6811d2db4",
          "width": 238,
          "x": 48,
          "y": 190,
          "zOrder": 2,
          "numberProperties": [],
          "stringProperties": [],
          "initialVariables": []
        },
        {
          "angle": 0,
          "customSize": false,
          "height": 0,
          "layer": "",
          "locked": false,
          "name": "EnemySpawner",
          "persistentUuid": "676ce942-cd16-4324-8a2c-cb0671bfac85",
          "width": 0,
          "x": 135,
          "y": 205,
          "zOrder": 5,
          "numberProperties": [],
          "stringProperties": [],
          "initialVariables": []
        },
        {
          "angle": 0,
          "customSize": true,
          "height": 10,
          "layer": "UI",
          "locked": false,
          "name": "Health",
          "persistentUuid": "0aa7d4c2-dd92-4d84-baf4-686378aa44b0",
          "width": 77,
          "x": 5,
          "y": 10,
          "zOrder": 1,
          "numberProperties": [],
          "stringProperties": [],
          "initialVariables": []
        },
        {
          "angle": 0,
          "customSize": true,
          "height": 4,
          "layer": "",
          "locked": false,
          "name": "Wall",
          "persistentUuid": "57aa49f8-1556-49d8-a8f4-ddd10346c4fd",
          "width": 144,
          "x": 48,
          "y": 158,
          "zOrder": 2,
          "numberProperties": [],
          "stringProperties": [],
          "initialVariables": []
        },
        {
          "angle": 0,
          "customSize": true,
          "height": 206,
          "layer": "",
          "locked": false,
          "name": "Wall2",
          "persistentUuid": "b7f923af-0ba0-4399-b2a5-2c921f1a1b0f",
          "width": 2,
          "x": 286,
          "y": -12,
          "zOrder": 2,
          "numberProperties": [],
          "stringProperties": [],
          "initialVariables": []
        },
        {
          "angle": 0,
          "customSize": true,
          "height": 206,
          "layer": "",
          "locked": false,
          "name": "Wall2",
          "persistentUuid": "ddd0e892-12eb-4c7a-9a14-80ee4759baa8",
          "width": 2,
          "x": 192,
          "y": -44,
          "zOrder": 2,
          "numberProperties": [],
          "stringProperties": [],
          "initialVariables": []
        },
        {
          "angle": 0,
          "customSize": false,
          "height": 0,
          "layer": "",
          "locked": false,
          "name": "Target",
          "persistentUuid": "176d9b46-9bde-4a3b-b860-0c0612aeb8fc",
          "width": 0,
          "x": 236,
          "y": 148,
          "zOrder": 8,
          "numberProperties": [],
          "stringProperties": [],
          "initialVariables": []
        },
        {
          "angle": 0,
          "customSize": false,
          "height": 0,
          "layer": "",
          "locked": false,
          "name": "EnemySpawner",
          "persistentUuid": "62a811cc-7459-41b5-92f5-adced65ebb6b",
          "width": 0,
          "x": 330,
          "y": 4,
          "zOrder": 9,
          "numberProperties": [],
          "stringProperties": [],
          "initialVariables": []
        },
        {
          "angle": 0,
          "customSize": false,
          "height": 0,
          "layer": "",
          "locked": false,
          "name": "EnemySpawner",
          "persistentUuid": "8c78e45f-9208-4e6c-97cc-1ff0d682d8f7",
          "width": 0,
          "x": 92,
          "y": 52,
          "zOrder": 10,
          "numberProperties": [],
          "stringProperties": [],
          "initialVariables": []
        },
        {
          "angle": 0,
          "customSize": false,
          "height": 0,
          "layer": "",
          "locked": false,
          "name": "Ammo",
          "persistentUuid": "b67b1cc2-8759-44e3-99d1-fc6b00b37149",
          "width": 0,
          "x": 242,
          "y": 80,
          "zOrder": 1,
          "numberProperties": [],
          "stringProperties": [],
          "initialVariables": []
        },
        {
          "angle": 0,
          "customSize": false,
          "height": 0,
          "layer": "",
          "locked": false,
          "name": "Ammo",
          "persistentUuid": "3f7d1c30-434f-406d-85ab-d4ee06394348",
          "width": 0,
          "x": 216,
          "y": 10,
          "zOrder": 1,
          "numberProperties": [],
          "stringProperties": [],
          "initialVariables": []
        },
        {
          "angle": 0,
          "customSize": false,
          "height": 0,
          "layer": "",
          "locked": false,
          "name": "Ammo",
          "persistentUuid": "51fe191d-ccfa-4fe8-b92e-deaf83cfeafa",
          "width": 0,
          "x": 256,
          "y": -48,
          "zOrder": 1,
          "numberProperties": [],
          "stringProperties": [],
          "initialVariables": []
        },
        {
          "angle": 0,
          "customSize": false,
          "height": 0,
          "layer": "",
          "locked": false,
          "name": "Ammo",
          "persistentUuid": "156fbff7-7d76-4e35-9047-56539d4a5b58",
          "width": 0,
          "x": 262,
          "y": 174,
          "zOrder": 1,
          "numberProperties": [],
          "stringProperties": [],
          "initialVariables": []
        },
        {
          "angle": 0,
          "customSize": false,
          "height": 0,
          "layer": "",
          "locked": false,
          "name": "Ammo",
          "persistentUuid": "24b51e2d-40c6-4788-9962-977c646f23a8",
          "width": 0,
          "x": 86,
          "y": 178,
          "zOrder": 1,
          "numberProperties": [],
          "stringProperties": [],
          "initialVariables": []
        },
        {
          "angle": 0,
          "customSize": false,
          "height": 0,
          "layer": "UI",
          "locked": false,
          "name": "AmmoText",
          "persistentUuid": "3f82e696-6277-4fde-91c4-3af07f9d40c8",
          "width": 0,
          "x": 6,
          "y": 26,
          "zOrder": 1,
          "numberProperties": [],
          "stringProperties": [],
          "initialVariables": []
        }
      ],
      "objects": [
        {
          "name": "Player",
          "tags": "",
          "type": "Sprite",
          "updateIfNotVisible": false,
          "variables": [
            {
              "name": "Health",
              "type": "string",
              "value": "100"
            }
          ],
          "behaviors": [
            {
              "name": "TopDownMovement",
              "type": "TopDownMovementBehavior::TopDownMovementBehavior",
              "acceleration": 400,
              "allowDiagonals": true,
              "angleOffset": 0,
              "angularMaxSpeed": 0,
              "customIsometryAngle": 30,
              "deceleration": 800,
              "ignoreDefaultControls": false,
              "maxSpeed": 200,
              "movementAngleOffset": 0,
              "rotateObject": true,
              "viewpoint": "TopDown"
            }
          ],
          "animations": [
            {
              "name": "",
              "useMultipleDirections": false,
              "directions": [
                {
                  "looping": false,
                  "timeBetweenFrames": 0.08,
                  "sprites": [
                    {
                      "hasCustomCollisionMask": false,
                      "image": "Player\\Player_Idle_1.png",
                      "points": [],
                      "originPoint": {
                        "name": "origine",
                        "x": 8,
                        "y": 8
                      },
                      "centerPoint": {
                        "automatic": true,
                        "name": "centre",
                        "x": 0,
                        "y": 0
                      },
                      "customCollisionMask": []
                    }
                  ]
                }
              ]
            },
            {
              "name": "",
              "useMultipleDirections": false,
              "directions": [
                {
                  "looping": true,
                  "timeBetweenFrames": 0.20000000298023224,
                  "sprites": [
                    {
                      "hasCustomCollisionMask": false,
                      "image": "Player\\Player_Walk_1.png",
                      "points": [],
                      "originPoint": {
                        "name": "origine",
                        "x": 8,
                        "y": 8
                      },
                      "centerPoint": {
                        "automatic": true,
                        "name": "centre",
                        "x": 0,
                        "y": 0
                      },
                      "customCollisionMask": []
                    },
                    {
                      "hasCustomCollisionMask": false,
                      "image": "Player\\Player_Walk_2.png",
                      "points": [],
                      "originPoint": {
                        "name": "origine",
                        "x": 8,
                        "y": 8
                      },
                      "centerPoint": {
                        "automatic": true,
                        "name": "centre",
                        "x": 0,
                        "y": 0
                      },
                      "customCollisionMask": []
                    }
                  ]
                }
              ]
            }
          ]
        },
        {
          "name": "Gun",
          "tags": "",
          "type": "Sprite",
          "updateIfNotVisible": false,
          "variables": [
            {
              "name": "Ammo",
              "type": "string",
              "value": "10"
            }
          ],
          "behaviors": [],
          "animations": [
            {
              "name": "",
              "useMultipleDirections": false,
              "directions": [
                {
                  "looping": false,
                  "timeBetweenFrames": 0.08,
                  "sprites": [
                    {
                      "hasCustomCollisionMask": false,
                      "image": "..\\..\\Desktop\\Gun_1.png",
                      "points": [
                        {
                          "name": "shoot",
                          "x": 14,
                          "y": 2
                        }
                      ],
                      "originPoint": {
                        "name": "origine",
                        "x": 4,
                        "y": 3
                      },
                      "centerPoint": {
                        "automatic": false,
                        "name": "centre",
                        "x": 4,
                        "y": 3
                      },
                      "customCollisionMask": []
                    }
                  ]
                }
              ]
            }
          ]
        },
        {
          "name": "Bullet",
          "tags": "",
          "type": "Sprite",
          "updateIfNotVisible": false,
          "variables": [],
          "behaviors": [
            {
              "name": "DestroyOutside",
              "type": "DestroyOutsideBehavior::DestroyOutside",
              "extraBorder": 100
            }
          ],
          "animations": [
            {
              "name": "Bullet",
              "useMultipleDirections": false,
              "directions": [
                {
                  "looping": false,
                  "timeBetweenFrames": 0.07999999821186066,
                  "sprites": [
                    {
                      "hasCustomCollisionMask": false,
                      "image": "Bullet-1.png",
                      "points": [],
                      "originPoint": {
                        "name": "origine",
                        "x": 0,
                        "y": 0
                      },
                      "centerPoint": {
                        "automatic": true,
                        "name": "centre",
                        "x": 0,
                        "y": 0
                      },
                      "customCollisionMask": []
                    }
                  ]
                }
              ]
            }
          ]
        },
        {
          "height": 32,
          "name": "Wall2",
          "tags": "",
          "texture": "Wall-2-1.png",
          "type": "TiledSpriteObject::TiledSprite",
          "width": 32,
          "variables": [],
          "behaviors": [
            {
              "name": "PathfindingObstacle",
              "type": "PathfindingBehavior::PathfindingObstacleBehavior",
              "cost": 2,
              "impassable": true
            }
          ]
        },
        {
          "height": 32,
          "name": "Wall",
          "tags": "",
          "texture": "Wall-1.png",
          "type": "TiledSpriteObject::TiledSprite",
          "width": 32,
          "variables": [],
          "behaviors": [
            {
              "name": "PathfindingObstacle",
              "type": "PathfindingBehavior::PathfindingObstacleBehavior",
              "cost": 2,
              "impassable": true
            }
          ]
        },
        {
          "name": "Enemy_damager",
          "tags": "",
          "type": "Sprite",
          "updateIfNotVisible": false,
          "variables": [],
          "behaviors": [
            {
              "name": "Pathfinding",
              "type": "PathfindingBehavior::PathfindingBehavior",
              "acceleration": 400,
              "allowDiagonals": true,
              "angleOffset": 0,
              "angularMaxSpeed": 180,
              "cellHeight": 10,
              "cellWidth": 10,
              "extraBorder": 0,
              "maxSpeed": 100,
              "rotateObject": true
            }
          ],
          "animations": [
            {
              "name": "Enemy_damager",
              "useMultipleDirections": false,
              "directions": [
                {
                  "looping": false,
                  "timeBetweenFrames": 0.07999999821186066,
                  "sprites": [
                    {
                      "hasCustomCollisionMask": false,
                      "image": "Enemy_damager-1.png",
                      "points": [],
                      "originPoint": {
                        "name": "origine",
                        "x": 0,
                        "y": 0
                      },
                      "centerPoint": {
                        "automatic": true,
                        "name": "centre",
                        "x": 0,
                        "y": 0
                      },
                      "customCollisionMask": []
                    }
                  ]
                }
              ]
            }
          ]
        },
        {
          "name": "Smoke",
          "tags": "",
          "type": "Sprite",
          "updateIfNotVisible": false,
          "variables": [],
          "behaviors": [],
          "animations": [
            {
              "name": "Explosion",
              "useMultipleDirections": false,
              "directions": [
                {
                  "looping": false,
                  "timeBetweenFrames": 0.05000000074505806,
                  "sprites": [
                    {
                      "hasCustomCollisionMask": false,
                      "image": "Explosion-1.png",
                      "points": [],
                      "originPoint": {
                        "name": "origine",
                        "x": 0,
                        "y": 0
                      },
                      "centerPoint": {
                        "automatic": true,
                        "name": "centre",
                        "x": 0,
                        "y": 0
                      },
                      "customCollisionMask": []
                    },
                    {
                      "hasCustomCollisionMask": false,
                      "image": "Explosion-2.png",
                      "points": [],
                      "originPoint": {
                        "name": "origine",
                        "x": 0,
                        "y": 0
                      },
                      "centerPoint": {
                        "automatic": true,
                        "name": "centre",
                        "x": 0,
                        "y": 0
                      },
                      "customCollisionMask": []
                    },
                    {
                      "hasCustomCollisionMask": false,
                      "image": "Explosion-3.png",
                      "points": [],
                      "originPoint": {
                        "name": "origine",
                        "x": 0,
                        "y": 0
                      },
                      "centerPoint": {
                        "automatic": true,
                        "name": "centre",
                        "x": 0,
                        "y": 0
                      },
                      "customCollisionMask": []
                    },
                    {
                      "hasCustomCollisionMask": false,
                      "image": "Explosion-4.png",
                      "points": [],
                      "originPoint": {
                        "name": "origine",
                        "x": 0,
                        "y": 0
                      },
                      "centerPoint": {
                        "automatic": true,
                        "name": "centre",
                        "x": 0,
                        "y": 0
                      },
                      "customCollisionMask": []
                    }
                  ]
                }
              ]
            }
          ]
        },
        {
          "height": 32,
          "name": "EnemySpawner",
          "tags": "",
          "texture": "",
          "type": "TiledSpriteObject::TiledSprite",
          "width": 32,
          "variables": [],
          "behaviors": []
        },
        {
          "height": 32,
          "name": "Health",
          "tags": "",
          "texture": "NewFile-1.png",
          "type": "TiledSpriteObject::TiledSprite",
          "width": 32,
          "variables": [],
          "behaviors": []
        },
        {
          "name": "Target",
          "tags": "",
          "type": "Sprite",
          "updateIfNotVisible": false,
          "variables": [],
          "behaviors": [],
          "animations": [
            {
              "name": "Target",
              "useMultipleDirections": false,
              "directions": [
                {
                  "looping": false,
                  "timeBetweenFrames": 0.07999999821186066,
                  "sprites": [
                    {
                      "hasCustomCollisionMask": false,
                      "image": "Target-1.png",
                      "points": [],
                      "originPoint": {
                        "name": "origine",
                        "x": 8,
                        "y": 8
                      },
                      "centerPoint": {
                        "automatic": true,
                        "name": "centre",
                        "x": 0,
                        "y": 0
                      },
                      "customCollisionMask": []
                    }
                  ]
                }
              ]
            },
            {
              "name": "",
              "useMultipleDirections": false,
              "directions": [
                {
                  "looping": false,
                  "timeBetweenFrames": 0.08,
                  "sprites": [
                    {
                      "hasCustomCollisionMask": false,
                      "image": "Target-2.png",
                      "points": [],
                      "originPoint": {
                        "name": "origine",
                        "x": 8,
                        "y": 8
                      },
                      "centerPoint": {
                        "automatic": true,
                        "name": "centre",
                        "x": 0,
                        "y": 0
                      },
                      "customCollisionMask": []
                    }
                  ]
                }
              ]
            }
          ]
        },
        {
          "name": "Ammo",
          "tags": "",
          "type": "Sprite",
          "updateIfNotVisible": false,
          "variables": [],
          "behaviors": [],
          "animations": [
            {
              "name": "Ammo",
              "useMultipleDirections": false,
              "directions": [
                {
                  "looping": false,
                  "timeBetweenFrames": 0.07999999821186066,
                  "sprites": [
                    {
                      "hasCustomCollisionMask": false,
                      "image": "Ammo-1.png",
                      "points": [],
                      "originPoint": {
                        "name": "origine",
                        "x": 0,
                        "y": 0
                      },
                      "centerPoint": {
                        "automatic": true,
                        "name": "centre",
                        "x": 0,
                        "y": 0
                      },
                      "customCollisionMask": []
                    }
                  ]
                }
              ]
            }
          ]
        },
        {
          "bold": false,
          "italic": false,
          "name": "AmmoText",
          "smoothed": true,
          "tags": "",
          "type": "TextObject::Text",
          "underlined": false,
          "variables": [],
          "behaviors": [],
          "string": "Ammo: ",
          "font": "",
          "characterSize": 20,
          "color": {
            "b": 0,
            "g": 0,
            "r": 0
          }
        }
      ],
      "events": [
        {
          "disabled": false,
          "folded": false,
          "type": "BuiltinCommonInstructions::Standard",
          "conditions": [
            {
              "type": {
                "inverted": false,
                "value": "Toujours"
              },
              "parameters": [
                ""
              ],
              "subInstructions": []
            }
          ],
          "actions": [
            {
              "type": {
                "inverted": false,
                "value": "CentreCamera"
              },
              "parameters": [
                "",
                "Player",
                "",
                "",
                ""
              ],
              "subInstructions": []
            },
            {
              "type": {
                "inverted": false,
                "value": "RotateTowardPosition"
              },
              "parameters": [
                "Gun",
                "MouseX()",
                "MouseY()",
                "0",
                ""
              ],
              "subInstructions": []
            },
            {
              "type": {
                "inverted": false,
                "value": "SeparateFromObjects"
              },
              "parameters": [
                "Player",
                "Wall",
                ""
              ],
              "subInstructions": []
            },
            {
              "type": {
                "inverted": false,
                "value": "SeparateFromObjects"
              },
              "parameters": [
                "Player",
                "Wall2",
                ""
              ],
              "subInstructions": []
            },
            {
              "type": {
                "inverted": false,
                "value": "Cache"
              },
              "parameters": [
                "EnemySpawner"
              ],
              "subInstructions": []
            },
            {
              "type": {
                "inverted": false,
                "value": "TiledSpriteObject::Width"
              },
              "parameters": [
                "Health",
                "=",
                "(Player.Variable(Health)/100)*77"
              ],
              "subInstructions": []
            },
            {
              "type": {
                "inverted": false,
                "value": "TextObject::String"
              },
              "parameters": [
                "AmmoText",
                "=",
                "\"Ammo: \" + Gun.VariableString(Ammo)"
              ],
              "subInstructions": []
            }
          ],
          "events": []
        },
        {
          "colorB": 228,
          "colorG": 176,
          "colorR": 74,
          "creationTime": 0,
          "disabled": false,
          "folded": true,
          "name": "Mouse Replacement",
          "source": "",
          "type": "BuiltinCommonInstructions::Group",
          "events": [
            {
              "disabled": false,
              "folded": false,
              "type": "BuiltinCommonInstructions::Standard",
              "conditions": [
                {
                  "type": {
                    "inverted": false,
                    "value": "DepartScene"
                  },
                  "parameters": [
                    ""
                  ],
                  "subInstructions": []
                }
              ],
              "actions": [
                {
                  "type": {
                    "inverted": false,
                    "value": "CacheSouris"
                  },
                  "parameters": [
                    ""
                  ],
                  "subInstructions": []
                }
              ],
              "events": []
            },
            {
              "disabled": false,
              "folded": false,
              "type": "BuiltinCommonInstructions::Standard",
              "conditions": [
                {
                  "type": {
                    "inverted": false,
                    "value": "Toujours"
                  },
                  "parameters": [
                    ""
                  ],
                  "subInstructions": []
                }
              ],
              "actions": [
                {
                  "type": {
                    "inverted": false,
                    "value": "MettreXY"
                  },
                  "parameters": [
                    "Target",
                    "=",
                    "MouseX()",
                    "=",
                    "MouseY()"
                  ],
                  "subInstructions": []
                }
              ],
              "events": []
            }
          ],
          "parameters": []
        },
        {
          "colorB": 228,
          "colorG": 176,
          "colorR": 74,
          "creationTime": 0,
          "disabled": false,
          "folded": false,
          "name": "Player",
          "source": "",
          "type": "BuiltinCommonInstructions::Group",
          "events": [
            {
              "disabled": false,
              "folded": false,
              "type": "BuiltinCommonInstructions::Standard",
              "conditions": [
                {
                  "type": {
                    "inverted": false,
                    "value": "TopDownMovementBehavior::IsMoving"
                  },
                  "parameters": [
                    "Player",
                    "TopDownMovement"
                  ],
                  "subInstructions": []
                }
              ],
              "actions": [
                {
                  "type": {
                    "inverted": false,
                    "value": "ChangeAnimation"
                  },
                  "parameters": [
                    "Player",
                    "=",
                    "1"
                  ],
                  "subInstructions": []
                }
              ],
              "events": []
            },
            {
              "disabled": false,
              "folded": false,
              "type": "BuiltinCommonInstructions::Standard",
              "conditions": [
                {
                  "type": {
                    "inverted": true,
                    "value": "TopDownMovementBehavior::IsMoving"
                  },
                  "parameters": [
                    "Player",
                    "TopDownMovement"
                  ],
                  "subInstructions": []
                }
              ],
              "actions": [
                {
                  "type": {
                    "inverted": false,
                    "value": "ChangeAnimation"
                  },
                  "parameters": [
                    "Player",
                    "=",
                    "0"
                  ],
                  "subInstructions": []
                }
              ],
              "events": []
            },
            {
              "disabled": false,
              "folded": false,
              "type": "BuiltinCommonInstructions::Standard",
              "conditions": [
                {
                  "type": {
                    "inverted": false,
                    "value": "VarObjet"
                  },
                  "parameters": [
                    "Player",
                    "Health",
                    "=",
                    "0"
                  ],
                  "subInstructions": []
                }
              ],
              "actions": [
                {
                  "type": {
                    "inverted": false,
                    "value": "ModVarObjet"
                  },
                  "parameters": [
                    "Player",
                    "Health",
                    "=",
                    "100"
                  ],
                  "subInstructions": []
                }
              ],
              "events": []
            },
            {
              "colorB": 228,
              "colorG": 176,
              "colorR": 74,
              "creationTime": 0,
              "disabled": false,
              "folded": false,
              "name": "Shoot",
              "source": "",
              "type": "BuiltinCommonInstructions::Group",
              "events": [
                {
                  "disabled": false,
                  "folded": false,
                  "type": "BuiltinCommonInstructions::Standard",
                  "conditions": [
                    {
                      "type": {
                        "inverted": false,
                        "value": "Toujours"
                      },
                      "parameters": [
                        ""
                      ],
                      "subInstructions": []
                    }
                  ],
                  "actions": [
                    {
                      "type": {
                        "inverted": false,
                        "value": "MettreXY"
                      },
                      "parameters": [
                        "Gun",
                        "=",
                        "Player.X()",
                        "=",
                        "Player.Y()"
                      ],
                      "subInstructions": []
                    }
                  ],
                  "events": []
                },
                {
                  "disabled": false,
                  "folded": false,
                  "type": "BuiltinCommonInstructions::Standard",
                  "conditions": [
                    {
                      "type": {
                        "inverted": false,
                        "value": "CollisionNP"
                      },
                      "parameters": [
                        "Player",
                        "Ammo",
                        "",
                        "",
                        "yes"
                      ],
                      "subInstructions": []
                    }
                  ],
                  "actions": [
                    {
                      "type": {
                        "inverted": false,
                        "value": "ModVarObjet"
                      },
                      "parameters": [
                        "Gun",
                        "Ammo",
                        "+",
                        "10"
                      ],
                      "subInstructions": []
                    },
                    {
                      "type": {
                        "inverted": false,
                        "value": "Delete"
                      },
                      "parameters": [
                        "Ammo",
                        ""
                      ],
                      "subInstructions": []
                    }
                  ],
                  "events": []
                },
                {
                  "disabled": false,
                  "folded": false,
                  "type": "BuiltinCommonInstructions::Standard",
                  "conditions": [
                    {
                      "type": {
                        "inverted": false,
                        "value": "MouseButtonPressed"
                      },
                      "parameters": [
                        "",
                        "Left"
                      ],
                      "subInstructions": []
                    },
                    {
                      "type": {
                        "inverted": false,
                        "value": "Timer"
                      },
                      "parameters": [
                        "",
                        "0.4",
                        "\"shoot\""
                      ],
                      "subInstructions": []
                    },
                    {
                      "type": {
                        "inverted": false,
                        "value": "VarObjet"
                      },
                      "parameters": [
                        "Gun",
                        "Ammo",
                        ">",
                        "0"
                      ],
                      "subInstructions": []
                    }
                  ],
                  "actions": [
                    {
                      "type": {
                        "inverted": false,
                        "value": "Create"
                      },
                      "parameters": [
                        "",
                        "Bullet",
                        "Gun.PointX(\"shoot\")",
                        "Gun.PointY(\"shoot\")",
                        "\"\""
                      ],
                      "subInstructions": []
                    },
                    {
                      "type": {
                        "inverted": false,
                        "value": "SetAngle"
                      },
                      "parameters": [
                        "Bullet",
                        "=",
                        "Gun.Angle()"
                      ],
                      "subInstructions": []
                    },
                    {
                      "type": {
                        "inverted": false,
                        "value": "AddForceVersPos"
                      },
                      "parameters": [
                        "Bullet",
                        "MouseX()",
                        "MouseY()",
                        "320",
                        "1"
                      ],
                      "subInstructions": []
                    },
                    {
                      "type": {
                        "inverted": false,
                        "value": "ResetTimer"
                      },
                      "parameters": [
                        "",
                        "\"shoot\""
                      ],
                      "subInstructions": []
                    },
                    {
                      "type": {
                        "inverted": false,
                        "value": "ModVarObjet"
                      },
                      "parameters": [
                        "Gun",
                        "Ammo",
                        "-",
                        "1"
                      ],
                      "subInstructions": []
                    }
                  ],
                  "events": []
                },
                {
                  "disabled": false,
                  "folded": false,
                  "type": "BuiltinCommonInstructions::Standard",
                  "conditions": [
                    {
                      "type": {
                        "inverted": false,
                        "value": "CollisionNP"
                      },
                      "parameters": [
                        "Bullet",
                        "walls",
                        "",
                        "",
                        ""
                      ],
                      "subInstructions": []
                    }
                  ],
                  "actions": [
                    {
                      "type": {
                        "inverted": false,
                        "value": "Delete"
                      },
                      "parameters": [
                        "Bullet",
                        ""
                      ],
                      "subInstructions": []
                    }
                  ],
                  "events": []
                }
              ],
              "parameters": []
            }
          ],
          "parameters": []
        },
        {
          "colorB": 228,
          "colorG": 176,
          "colorR": 74,
          "creationTime": 0,
          "disabled": false,
          "folded": false,
          "name": "Enemy",
          "source": "",
          "type": "BuiltinCommonInstructions::Group",
          "events": [
            {
              "disabled": false,
              "folded": false,
              "type": "BuiltinCommonInstructions::ForEach",
              "object": "EnemySpawner",
              "conditions": [
                {
                  "type": {
                    "inverted": false,
                    "value": "ObjectTimer"
                  },
                  "parameters": [
                    "EnemySpawner",
                    "\"spawn\"",
                    "2"
                  ],
                  "subInstructions": []
                }
              ],
              "actions": [
                {
                  "type": {
                    "inverted": false,
                    "value": "Create"
                  },
                  "parameters": [
                    "",
                    "Enemy_damager",
                    "EnemySpawner.X()",
                    "EnemySpawner.Y()",
                    ""
                  ],
                  "subInstructions": []
                },
                {
                  "type": {
                    "inverted": false,
                    "value": "ChangePlan"
                  },
                  "parameters": [
                    "Enemy_damager",
                    "=",
                    "5"
                  ],
                  "subInstructions": []
                },
                {
                  "type": {
                    "inverted": false,
                    "value": "ResetObjectTimer"
                  },
                  "parameters": [
                    "EnemySpawner",
                    "\"spawn\""
                  ],
                  "subInstructions": []
                }
              ],
              "events": []
            },
            {
              "disabled": false,
              "folded": false,
              "type": "BuiltinCommonInstructions::Standard",
              "conditions": [
                {
                  "type": {
                    "inverted": false,
                    "value": "CollisionNP"
                  },
                  "parameters": [
                    "Enemy_damager",
                    "Player",
                    "",
                    "",
                    ""
                  ],
                  "subInstructions": []
                }
              ],
              "actions": [
                {
                  "type": {
                    "inverted": false,
                    "value": "ModVarObjet"
                  },
                  "parameters": [
                    "Player",
                    "Health",
                    "-",
                    "5"
                  ],
                  "subInstructions": []
                },
                {
                  "type": {
                    "inverted": false,
                    "value": "Delete"
                  },
                  "parameters": [
                    "Enemy_damager",
                    ""
                  ],
                  "subInstructions": []
                }
              ],
              "events": []
            },
            {
              "disabled": false,
              "folded": false,
              "type": "BuiltinCommonInstructions::Standard",
              "conditions": [
                {
                  "type": {
                    "inverted": false,
                    "value": "CollisionNP"
                  },
                  "parameters": [
                    "Bullet",
                    "Enemy_damager",
                    "",
                    "",
                    ""
                  ],
                  "subInstructions": []
                }
              ],
              "actions": [
                {
                  "type": {
                    "inverted": false,
                    "value": "Delete"
                  },
                  "parameters": [
                    "Enemy_damager",
                    ""
                  ],
                  "subInstructions": []
                },
                {
                  "type": {
                    "inverted": false,
                    "value": "Delete"
                  },
                  "parameters": [
                    "Bullet",
                    ""
                  ],
                  "subInstructions": []
                }
              ],
              "events": []
            },
            {
              "disabled": false,
              "folded": false,
              "type": "BuiltinCommonInstructions::Standard",
              "conditions": [],
              "actions": [
                {
                  "type": {
                    "inverted": false,
                    "value": "PathfindingBehavior::SetDestination"
                  },
                  "parameters": [
                    "Enemy_damager",
                    "Pathfinding",
                    "",
                    "Player.X()",
                    "Player.Y()"
                  ],
                  "subInstructions": []
                }
              ],
              "events": []
            }
          ],
          "parameters": []
        }
      ],
      "layers": [
        {
          "ambientLightColorB": 36,
          "ambientLightColorG": 7025320,
          "ambientLightColorR": 32,
          "followBaseLayerCamera": false,
          "isLightingLayer": false,
          "name": "",
          "visibility": true,
          "cameras": [
            {
              "defaultSize": true,
              "defaultViewport": true,
              "height": 0,
              "viewportBottom": 1,
              "viewportLeft": 0,
              "viewportRight": 1,
              "viewportTop": 0,
              "width": 0
            }
          ],
          "effects": []
        },
        {
          "ambientLightColorB": 1702453580,
          "ambientLightColorG": 1818322248,
          "ambientLightColorR": 100663296,
          "followBaseLayerCamera": false,
          "isLightingLayer": false,
          "name": "UI",
          "visibility": true,
          "cameras": [],
          "effects": []
        }
      ],
      "behaviorsSharedData": [
        {
          "name": "Pathfinding",
          "type": "PathfindingBehavior::PathfindingBehavior"
        },
        {
          "name": "PathfindingObstacle",
          "type": "PathfindingBehavior::PathfindingObstacleBehavior"
        },
        {
          "name": "TopDownMovement",
          "type": "TopDownMovementBehavior::TopDownMovementBehavior"
        }
      ]
    }
  ],
  "externalEvents": [],
  "eventsFunctionsExtensions": [],
  "externalLayouts": [],
  "externalSourceFiles": []
}