{
  "firstLayout": "",
  "gdVersion": {
    "build": 96,
    "major": 4,
    "minor": 0,
    "revision": 0
  },
  "properties": {
    "folderProject": false,
    "linuxExecutableFilename": "",
    "macExecutableFilename": "",
    "packageName": "com.example.gamename",
    "projectFile": "C:\\Users\\szoszo\\Desktop\\beginner\\game.json",
    "useExternalSourceFiles": false,
    "winExecutableFilename": "",
    "winExecutableIconFile": "",
    "name": "Project",
    "author": "",
    "windowWidth": 800,
    "windowHeight": 600,
    "latestCompilationDirectory": "",
    "maxFPS": 60,
    "minFPS": 10,
    "verticalSync": false,
    "extensions": [
      {
        "name": "BuiltinObject"
      },
      {
        "name": "BuiltinAudio"
      },
      {
        "name": "BuiltinVariables"
      },
      {
        "name": "BuiltinTime"
      },
      {
        "name": "BuiltinMouse"
      },
      {
        "name": "BuiltinKeyboard"
      },
      {
        "name": "BuiltinJoystick"
      },
      {
        "name": "BuiltinCamera"
      },
      {
        "name": "BuiltinWindow"
      },
      {
        "name": "BuiltinFile"
      },
      {
        "name": "BuiltinNetwork"
      },
      {
        "name": "BuiltinScene"
      },
      {
        "name": "BuiltinAdvanced"
      },
      {
        "name": "Sprite"
      },
      {
        "name": "BuiltinCommonInstructions"
      },
      {
        "name": "BuiltinCommonConversions"
      },
      {
        "name": "BuiltinStringInstructions"
      },
      {
        "name": "BuiltinMathematicalTools"
      },
      {
        "name": "BuiltinExternalLayouts"
      }
    ],
    "platforms": [
      {
        "name": "GDevelop JS platform"
      }
    ],
    "currentPlatform": "GDevelop JS platform"
  },
  "resources": {
    "resources": [
      {
        "alwaysLoaded": false,
        "file": "assets/aaguntopdown.png",
        "kind": "image",
        "name": "aaguntopdown.png",
        "smoothed": true,
        "userAdded": true
      },
      {
        "alwaysLoaded": false,
        "file": "assets/Bullet.png",
        "kind": "image",
        "name": "Bullet.png",
        "smoothed": true,
        "userAdded": true
      },
      {
        "alwaysLoaded": false,
        "file": "assets/tank2fr1.png",
        "kind": "image",
        "name": "tank2fr1.png",
        "smoothed": true,
        "userAdded": true
      },
      {
        "alwaysLoaded": false,
        "file": "assets/tank2fr2.png",
        "kind": "image",
        "name": "tank2fr2.png",
        "smoothed": true,
        "userAdded": true
      },
      {
        "alwaysLoaded": false,
        "file": "assets/Explosion_Sequence_A 1.png",
        "kind": "image",
        "name": "Explosion_Sequence_A 1.png",
        "smoothed": true,
        "userAdded": true
      },
      {
        "alwaysLoaded": false,
        "file": "assets/Explosion_Sequence_A 2.png",
        "kind": "image",
        "name": "Explosion_Sequence_A 2.png",
        "smoothed": true,
        "userAdded": false
      },
      {
        "alwaysLoaded": false,
        "file": "assets/Explosion_Sequence_A 3.png",
        "kind": "image",
        "name": "Explosion_Sequence_A 3.png",
        "smoothed": true,
        "userAdded": false
      },
      {
        "alwaysLoaded": false,
        "file": "assets/Explosion_Sequence_A 4.png",
        "kind": "image",
        "name": "Explosion_Sequence_A 4.png",
        "smoothed": true,
        "userAdded": true
      },
      {
        "alwaysLoaded": false,
        "file": "assets/Explosion_Sequence_A 5.png",
        "kind": "image",
        "name": "Explosion_Sequence_A 5.png",
        "smoothed": true,
        "userAdded": false
      },
      {
        "alwaysLoaded": false,
        "file": "assets/Explosion_Sequence_A 6.png",
        "kind": "image",
        "name": "Explosion_Sequence_A 6.png",
        "smoothed": true,
        "userAdded": true
      },
      {
        "alwaysLoaded": false,
        "file": "assets/Explosion_Sequence_A 7.png",
        "kind": "image",
        "name": "Explosion_Sequence_A 7.png",
        "smoothed": true,
        "userAdded": true
      },
      {
        "alwaysLoaded": false,
        "file": "assets/Explosion_Sequence_A 8.png",
        "kind": "image",
        "name": "Explosion_Sequence_A 8.png",
        "smoothed": true,
        "userAdded": true
      },
      {
        "alwaysLoaded": false,
        "file": "assets/Explosion_Sequence_A 9.png",
        "kind": "image",
        "name": "Explosion_Sequence_A 9.png",
        "smoothed": true,
        "userAdded": true
      },
      {
        "alwaysLoaded": false,
        "file": "assets/Explosion_Sequence_A 10.png",
        "kind": "image",
        "name": "Explosion_Sequence_A 10.png",
        "smoothed": true,
        "userAdded": true
      },
      {
        "alwaysLoaded": false,
        "file": "assets/Explosion_Sequence_A 11.png",
        "kind": "image",
        "name": "Explosion_Sequence_A 11.png",
        "smoothed": true,
        "userAdded": false
      },
      {
        "alwaysLoaded": false,
        "file": "assets/Explosion_Sequence_A 12.png",
        "kind": "image",
        "name": "Explosion_Sequence_A 12.png",
        "smoothed": true,
        "userAdded": true
      },
      {
        "alwaysLoaded": false,
        "file": "assets/Explosion_Sequence_A 13.png",
        "kind": "image",
        "name": "Explosion_Sequence_A 13.png",
        "smoothed": true,
        "userAdded": true
      },
      {
        "alwaysLoaded": false,
        "file": "assets/Explosion_Sequence_A 14.png",
        "kind": "image",
        "name": "Explosion_Sequence_A 14.png",
        "smoothed": true,
        "userAdded": true
      },
      {
        "alwaysLoaded": false,
        "file": "assets/Explosion_Sequence_A 15.png",
        "kind": "image",
        "name": "Explosion_Sequence_A 15.png",
        "smoothed": true,
        "userAdded": true
      },
      {
        "alwaysLoaded": false,
        "file": "assets/Explosion_Sequence_A 16.png",
        "kind": "image",
        "name": "Explosion_Sequence_A 16.png",
        "smoothed": true,
        "userAdded": true
      },
      {
        "alwaysLoaded": false,
        "file": "assets/Explosion_Sequence_A 17.png",
        "kind": "image",
        "name": "Explosion_Sequence_A 17.png",
        "smoothed": true,
        "userAdded": true
      },
      {
        "alwaysLoaded": false,
        "file": "assets/Explosion_Sequence_A 18.png",
        "kind": "image",
        "name": "Explosion_Sequence_A 18.png",
        "smoothed": true,
        "userAdded": true
      },
      {
        "alwaysLoaded": false,
        "file": "assets/Explosion_Sequence_A 19.png",
        "kind": "image",
        "name": "Explosion_Sequence_A 19.png",
        "smoothed": true,
        "userAdded": true
      },
      {
        "alwaysLoaded": false,
        "file": "assets/Explosion_Sequence_A 20.png",
        "kind": "image",
        "name": "Explosion_Sequence_A 20.png",
        "smoothed": true,
        "userAdded": true
      },
      {
        "alwaysLoaded": false,
        "file": "assets/Explosion_Sequence_A 21.png",
        "kind": "image",
        "name": "Explosion_Sequence_A 21.png",
        "smoothed": true,
        "userAdded": true
      },
      {
        "alwaysLoaded": false,
        "file": "assets/Explosion_Sequence_A 22.png",
        "kind": "image",
        "name": "Explosion_Sequence_A 22.png",
        "smoothed": true,
        "userAdded": true
      },
      {
        "alwaysLoaded": false,
        "file": "assets/Explosion_Sequence_A 23.png",
        "kind": "image",
        "name": "Explosion_Sequence_A 23.png",
        "smoothed": true,
        "userAdded": true
      },
      {
        "alwaysLoaded": false,
        "file": "assets/Explosion_Sequence_A 24.png",
        "kind": "image",
        "name": "Explosion_Sequence_A 24.png",
        "smoothed": true,
        "userAdded": true
      },
      {
        "alwaysLoaded": false,
        "file": "assets/Explosion_Sequence_A 25.png",
        "kind": "image",
        "name": "Explosion_Sequence_A 25.png",
        "smoothed": true,
        "userAdded": true
      },
      {
        "alwaysLoaded": false,
        "file": "assets/Explosion_Sequence_A 26.png",
        "kind": "image",
        "name": "Explosion_Sequence_A 26.png",
        "smoothed": true,
        "userAdded": true
      },
      {
        "alwaysLoaded": false,
        "file": "assets/Explosion_Sequence_A 27.png",
        "kind": "image",
        "name": "Explosion_Sequence_A 27.png",
        "smoothed": true,
        "userAdded": true
      },
      {
        "alwaysLoaded": false,
        "file": "assets/Background.jpg",
        "kind": "image",
        "name": "Background.jpg",
        "smoothed": true,
        "userAdded": false
      }
    ],
    "resourceFolders": []
  },
  "objects": [],
  "objectsGroups": [],
  "variables": [],
  "layouts": [
    {
      "b": 209,
      "disableInputWhenNotFocused": true,
      "mangledName": "NewScene",
      "name": "NewScene",
      "oglFOV": 90,
      "oglZFar": 500,
      "oglZNear": 1,
      "r": 209,
      "standardSortMethod": true,
      "stopSoundsOnStartup": true,
      "title": "",
      "v": 209,
      "uiSettings": {
        "grid": false,
        "gridB": 255,
        "gridG": 180,
        "gridHeight": 32,
        "gridOffsetX": 0,
        "gridOffsetY": 0,
        "gridR": 158,
        "gridWidth": 32,
        "snap": true,
        "windowMask": false,
        "zoomFactor": 1
      },
      "objectsGroups": [],
      "variables": [],
      "instances": [
        {
          "angle": 0,
          "customSize": false,
          "height": 0,
          "layer": "",
          "locked": false,
          "name": "turret",
          "width": 0,
          "x": 300,
          "y": 472,
          "zOrder": 1,
          "numberProperties": [],
          "stringProperties": [],
          "initialVariables": []
        },
        {
          "angle": 0,
          "customSize": false,
          "height": 0,
          "layer": "",
          "locked": false,
          "name": "GameOver",
          "width": 0,
          "x": 262,
          "y": 237,
          "zOrder": 2,
          "numberProperties": [],
          "stringProperties": [],
          "initialVariables": []
        },
        {
          "angle": 0,
          "customSize": false,
          "height": 0,
          "layer": "",
          "locked": false,
          "name": "background",
          "width": 0,
          "x": 0,
          "y": 0,
          "zOrder": -1,
          "numberProperties": [],
          "stringProperties": [],
          "initialVariables": []
        }
      ],
      "objects": [
        {
          "name": "turret",
          "type": "Sprite",
          "updateIfNotVisible": false,
          "variables": [],
          "behaviors": [],
          "animations": [
            {
              "name": "",
              "useMultipleDirections": false,
              "directions": [
                {
                  "looping": false,
                  "timeBetweenFrames": 1,
                  "sprites": [
                    {
                      "hasCustomCollisionMask": false,
                      "image": "aaguntopdown.png",
                      "points": [
                        {
                          "name": "Canon",
                          "x": 110,
                          "y": 35
                        }
                      ],
                      "originPoint": {
                        "name": "origine",
                        "x": 0,
                        "y": 0
                      },
                      "centerPoint": {
                        "automatic": true,
                        "name": "centre",
                        "x": 0,
                        "y": 0
                      },
                      "customCollisionMask": []
                    }
                  ]
                }
              ]
            }
          ]
        },
        {
          "name": "bullet",
          "type": "Sprite",
          "updateIfNotVisible": false,
          "variables": [],
          "behaviors": [
            {
              "extraBorder": 0,
              "name": "DestroyOutside",
              "type": "DestroyOutsideBehavior::DestroyOutside"
            }
          ],
          "animations": [
            {
              "name": "",
              "useMultipleDirections": false,
              "directions": [
                {
                  "looping": false,
                  "timeBetweenFrames": 1,
                  "sprites": [
                    {
                      "hasCustomCollisionMask": false,
                      "image": "Bullet.png",
                      "points": [],
                      "originPoint": {
                        "name": "origine",
                        "x": 5,
                        "y": 5
                      },
                      "centerPoint": {
                        "automatic": true,
                        "name": "centre",
                        "x": 0,
                        "y": 0
                      },
                      "customCollisionMask": []
                    }
                  ]
                }
              ]
            }
          ]
        },
        {
          "name": "enemy",
          "type": "Sprite",
          "updateIfNotVisible": false,
          "variables": [],
          "behaviors": [],
          "animations": [
            {
              "name": "",
              "useMultipleDirections": false,
              "directions": [
                {
                  "looping": true,
                  "timeBetweenFrames": 0.05,
                  "sprites": [
                    {
                      "hasCustomCollisionMask": false,
                      "image": "tank2fr1.png",
                      "points": [],
                      "originPoint": {
                        "name": "origine",
                        "x": 0,
                        "y": 0
                      },
                      "centerPoint": {
                        "automatic": true,
                        "name": "centre",
                        "x": 0,
                        "y": 0
                      },
                      "customCollisionMask": []
                    },
                    {
                      "hasCustomCollisionMask": false,
                      "image": "tank2fr2.png",
                      "points": [],
                      "originPoint": {
                        "name": "origine",
                        "x": 0,
                        "y": 0
                      },
                      "centerPoint": {
                        "automatic": true,
                        "name": "centre",
                        "x": 0,
                        "y": 0
                      },
                      "customCollisionMask": []
                    }
                  ]
                }
              ]
            }
          ]
        },
        {
          "name": "explosion",
          "type": "Sprite",
          "updateIfNotVisible": false,
          "variables": [],
          "behaviors": [],
          "animations": [
            {
              "name": "",
              "useMultipleDirections": false,
              "directions": [
                {
                  "looping": false,
                  "timeBetweenFrames": 0.01,
                  "sprites": [
                    {
                      "hasCustomCollisionMask": false,
                      "image": "Explosion_Sequence_A 1.png",
                      "points": [],
                      "originPoint": {
                        "name": "origine",
                        "x": 120,
                        "y": 120
                      },
                      "centerPoint": {
                        "automatic": true,
                        "name": "centre",
                        "x": 0,
                        "y": 0
                      },
                      "customCollisionMask": []
                    },
                    {
                      "hasCustomCollisionMask": false,
                      "image": "Explosion_Sequence_A 2.png",
                      "points": [],
                      "originPoint": {
                        "name": "origine",
                        "x": 120,
                        "y": 120
                      },
                      "centerPoint": {
                        "automatic": true,
                        "name": "centre",
                        "x": 0,
                        "y": 0
                      },
                      "customCollisionMask": []
                    },
                    {
                      "hasCustomCollisionMask": false,
                      "image": "Explosion_Sequence_A 3.png",
                      "points": [],
                      "originPoint": {
                        "name": "origine",
                        "x": 120,
                        "y": 120
                      },
                      "centerPoint": {
                        "automatic": true,
                        "name": "centre",
                        "x": 0,
                        "y": 0
                      },
                      "customCollisionMask": []
                    },
                    {
                      "hasCustomCollisionMask": false,
                      "image": "Explosion_Sequence_A 4.png",
                      "points": [],
                      "originPoint": {
                        "name": "origine",
                        "x": 120,
                        "y": 120
                      },
                      "centerPoint": {
                        "automatic": true,
                        "name": "centre",
                        "x": 0,
                        "y": 0
                      },
                      "customCollisionMask": []
                    },
                    {
                      "hasCustomCollisionMask": false,
                      "image": "Explosion_Sequence_A 5.png",
                      "points": [],
                      "originPoint": {
                        "name": "origine",
                        "x": 120,
                        "y": 120
                      },
                      "centerPoint": {
                        "automatic": true,
                        "name": "centre",
                        "x": 0,
                        "y": 0
                      },
                      "customCollisionMask": []
                    },
                    {
                      "hasCustomCollisionMask": false,
                      "image": "Explosion_Sequence_A 6.png",
                      "points": [],
                      "originPoint": {
                        "name": "origine",
                        "x": 120,
                        "y": 120
                      },
                      "centerPoint": {
                        "automatic": true,
                        "name": "centre",
                        "x": 0,
                        "y": 0
                      },
                      "customCollisionMask": []
                    },
                    {
                      "hasCustomCollisionMask": false,
                      "image": "Explosion_Sequence_A 7.png",
                      "points": [],
                      "originPoint": {
                        "name": "origine",
                        "x": 120,
                        "y": 120
                      },
                      "centerPoint": {
                        "automatic": true,
                        "name": "centre",
                        "x": 0,
                        "y": 0
                      },
                      "customCollisionMask": []
                    },
                    {
                      "hasCustomCollisionMask": false,
                      "image": "Explosion_Sequence_A 8.png",
                      "points": [],
                      "originPoint": {
                        "name": "origine",
                        "x": 120,
                        "y": 120
                      },
                      "centerPoint": {
                        "automatic": true,
                        "name": "centre",
                        "x": 0,
                        "y": 0
                      },
                      "customCollisionMask": []
                    },
                    {
                      "hasCustomCollisionMask": false,
                      "image": "Explosion_Sequence_A 9.png",
                      "points": [],
                      "originPoint": {
                        "name": "origine",
                        "x": 120,
                        "y": 120
                      },
                      "centerPoint": {
                        "automatic": true,
                        "name": "centre",
                        "x": 0,
                        "y": 0
                      },
                      "customCollisionMask": []
                    },
                    {
                      "hasCustomCollisionMask": false,
                      "image": "Explosion_Sequence_A 10.png",
                      "points": [],
                      "originPoint": {
                        "name": "origine",
                        "x": 120,
                        "y": 120
                      },
                      "centerPoint": {
                        "automatic": true,
                        "name": "centre",
                        "x": 0,
                        "y": 0
                      },
                      "customCollisionMask": []
                    },
                    {
                      "hasCustomCollisionMask": false,
                      "image": "Explosion_Sequence_A 11.png",
                      "points": [],
                      "originPoint": {
                        "name": "origine",
                        "x": 120,
                        "y": 120
                      },
                      "centerPoint": {
                        "automatic": true,
                        "name": "centre",
                        "x": 0,
                        "y": 0
                      },
                      "customCollisionMask": []
                    },
                    {
                      "hasCustomCollisionMask": false,
                      "image": "Explosion_Sequence_A 12.png",
                      "points": [],
                      "originPoint": {
                        "name": "origine",
                        "x": 120,
                        "y": 120
                      },
                      "centerPoint": {
                        "automatic": true,
                        "name": "centre",
                        "x": 0,
                        "y": 0
                      },
                      "customCollisionMask": []
                    },
                    {
                      "hasCustomCollisionMask": false,
                      "image": "Explosion_Sequence_A 13.png",
                      "points": [],
                      "originPoint": {
                        "name": "origine",
                        "x": 120,
                        "y": 120
                      },
                      "centerPoint": {
                        "automatic": true,
                        "name": "centre",
                        "x": 0,
                        "y": 0
                      },
                      "customCollisionMask": []
                    },
                    {
                      "hasCustomCollisionMask": false,
                      "image": "Explosion_Sequence_A 14.png",
                      "points": [],
                      "originPoint": {
                        "name": "origine",
                        "x": 120,
                        "y": 120
                      },
                      "centerPoint": {
                        "automatic": true,
                        "name": "centre",
                        "x": 0,
                        "y": 0
                      },
                      "customCollisionMask": []
                    },
                    {
                      "hasCustomCollisionMask": false,
                      "image": "Explosion_Sequence_A 15.png",
                      "points": [],
                      "originPoint": {
                        "name": "origine",
                        "x": 120,
                        "y": 120
                      },
                      "centerPoint": {
                        "automatic": true,
                        "name": "centre",
                        "x": 0,
                        "y": 0
                      },
                      "customCollisionMask": []
                    },
                    {
                      "hasCustomCollisionMask": false,
                      "image": "Explosion_Sequence_A 16.png",
                      "points": [],
                      "originPoint": {
                        "name": "origine",
                        "x": 120,
                        "y": 120
                      },
                      "centerPoint": {
                        "automatic": true,
                        "name": "centre",
                        "x": 0,
                        "y": 0
                      },
                      "customCollisionMask": []
                    },
                    {
                      "hasCustomCollisionMask": false,
                      "image": "Explosion_Sequence_A 17.png",
                      "points": [],
                      "originPoint": {
                        "name": "origine",
                        "x": 120,
                        "y": 120
                      },
                      "centerPoint": {
                        "automatic": true,
                        "name": "centre",
                        "x": 0,
                        "y": 0
                      },
                      "customCollisionMask": []
                    },
                    {
                      "hasCustomCollisionMask": false,
                      "image": "Explosion_Sequence_A 18.png",
                      "points": [],
                      "originPoint": {
                        "name": "origine",
                        "x": 120,
                        "y": 120
                      },
                      "centerPoint": {
                        "automatic": true,
                        "name": "centre",
                        "x": 0,
                        "y": 0
                      },
                      "customCollisionMask": []
                    },
                    {
                      "hasCustomCollisionMask": false,
                      "image": "Explosion_Sequence_A 19.png",
                      "points": [],
                      "originPoint": {
                        "name": "origine",
                        "x": 120,
                        "y": 120
                      },
                      "centerPoint": {
                        "automatic": true,
                        "name": "centre",
                        "x": 0,
                        "y": 0
                      },
                      "customCollisionMask": []
                    },
                    {
                      "hasCustomCollisionMask": false,
                      "image": "Explosion_Sequence_A 20.png",
                      "points": [],
                      "originPoint": {
                        "name": "origine",
                        "x": 120,
                        "y": 120
                      },
                      "centerPoint": {
                        "automatic": true,
                        "name": "centre",
                        "x": 0,
                        "y": 0
                      },
                      "customCollisionMask": []
                    },
                    {
                      "hasCustomCollisionMask": false,
                      "image": "Explosion_Sequence_A 21.png",
                      "points": [],
                      "originPoint": {
                        "name": "origine",
                        "x": 120,
                        "y": 120
                      },
                      "centerPoint": {
                        "automatic": true,
                        "name": "centre",
                        "x": 0,
                        "y": 0
                      },
                      "customCollisionMask": []
                    },
                    {
                      "hasCustomCollisionMask": false,
                      "image": "Explosion_Sequence_A 22.png",
                      "points": [],
                      "originPoint": {
                        "name": "origine",
                        "x": 120,
                        "y": 120
                      },
                      "centerPoint": {
                        "automatic": true,
                        "name": "centre",
                        "x": 0,
                        "y": 0
                      },
                      "customCollisionMask": []
                    },
                    {
                      "hasCustomCollisionMask": false,
                      "image": "Explosion_Sequence_A 23.png",
                      "points": [],
                      "originPoint": {
                        "name": "origine",
                        "x": 120,
                        "y": 120
                      },
                      "centerPoint": {
                        "automatic": true,
                        "name": "centre",
                        "x": 0,
                        "y": 0
                      },
                      "customCollisionMask": []
                    },
                    {
                      "hasCustomCollisionMask": false,
                      "image": "Explosion_Sequence_A 24.png",
                      "points": [],
                      "originPoint": {
                        "name": "origine",
                        "x": 120,
                        "y": 120
                      },
                      "centerPoint": {
                        "automatic": true,
                        "name": "centre",
                        "x": 0,
                        "y": 0
                      },
                      "customCollisionMask": []
                    },
                    {
                      "hasCustomCollisionMask": false,
                      "image": "Explosion_Sequence_A 25.png",
                      "points": [],
                      "originPoint": {
                        "name": "origine",
                        "x": 120,
                        "y": 120
                      },
                      "centerPoint": {
                        "automatic": true,
                        "name": "centre",
                        "x": 0,
                        "y": 0
                      },
                      "customCollisionMask": []
                    },
                    {
                      "hasCustomCollisionMask": false,
                      "image": "Explosion_Sequence_A 26.png",
                      "points": [],
                      "originPoint": {
                        "name": "origine",
                        "x": 120,
                        "y": 120
                      },
                      "centerPoint": {
                        "automatic": true,
                        "name": "centre",
                        "x": 0,
                        "y": 0
                      },
                      "customCollisionMask": []
                    },
                    {
                      "hasCustomCollisionMask": false,
                      "image": "Explosion_Sequence_A 27.png",
                      "points": [],
                      "originPoint": {
                        "name": "origine",
                        "x": 120,
                        "y": 120
                      },
                      "centerPoint": {
                        "automatic": true,
                        "name": "centre",
                        "x": 0,
                        "y": 0
                      },
                      "customCollisionMask": []
                    }
                  ]
                }
              ]
            }
          ]
        },
        {
          "bold": false,
          "italic": false,
          "name": "GameOver",
          "smoothed": true,
          "type": "TextObject::Text",
          "underlined": false,
          "variables": [],
          "behaviors": [],
          "string": "Game Over",
          "font": "DIRTYEGO.TTF",
          "characterSize": 40,
          "color": {
            "b": 27,
            "g": 2,
            "r": 208
          }
        },
        {
          "name": "background",
          "type": "Sprite",
          "updateIfNotVisible": false,
          "variables": [],
          "behaviors": [],
          "animations": [
            {
              "name": "",
              "useMultipleDirections": false,
              "directions": [
                {
                  "looping": false,
                  "timeBetweenFrames": 1,
                  "sprites": [
                    {
                      "hasCustomCollisionMask": false,
                      "image": "Background.jpg",
                      "points": [],
                      "originPoint": {
                        "name": "origine",
                        "x": 0,
                        "y": 0
                      },
                      "centerPoint": {
                        "automatic": true,
                        "name": "centre",
                        "x": 0,
                        "y": 0
                      },
                      "customCollisionMask": []
                    }
                  ]
                }
              ]
            }
          ]
        }
      ],
      "events": [
        {
          "disabled": false,
          "folded": false,
          "type": "BuiltinCommonInstructions::Comment",
          "color": {
            "b": 109,
            "g": 230,
            "r": 255,
            "textB": 0,
            "textG": 0,
            "textR": 0
          },
          "comment": "Rotate turret toward the mouse",
          "comment2": ""
        },
        {
          "disabled": false,
          "folded": false,
          "type": "BuiltinCommonInstructions::Standard",
          "conditions": [],
          "actions": [
            {
              "type": {
                "inverted": false,
                "value": "RotateTowardPosition"
              },
              "parameters": [
                "turret",
                "MouseX(\"\",0)",
                "MouseY(\"\",0)",
                "0",
                ""
              ],
              "subInstructions": []
            }
          ],
          "events": []
        },
        {
          "disabled": false,
          "folded": false,
          "type": "BuiltinCommonInstructions::Comment",
          "color": {
            "b": 109,
            "g": 230,
            "r": 255,
            "textB": 0,
            "textG": 0,
            "textR": 0
          },
          "comment": "Shoot bullets",
          "comment2": ""
        },
        {
          "disabled": false,
          "folded": false,
          "type": "BuiltinCommonInstructions::Standard",
          "conditions": [
            {
              "type": {
                "inverted": false,
                "value": "SourisBouton"
              },
              "parameters": [
                "",
                "Left"
              ],
              "subInstructions": []
            },
            {
              "type": {
                "inverted": false,
                "value": "Timer"
              },
              "parameters": [
                "",
                "0.25",
                "\"firerate\""
              ],
              "subInstructions": []
            }
          ],
          "actions": [
            {
              "type": {
                "inverted": false,
                "value": "Create"
              },
              "parameters": [
                "",
                "bullet",
                "turret.PointX(Canon)",
                "turret.PointY(Canon)",
                ""
              ],
              "subInstructions": []
            },
            {
              "type": {
                "inverted": false,
                "value": "AddForceAL"
              },
              "parameters": [
                "bullet",
                "turret.Direction()",
                "400",
                "1"
              ],
              "subInstructions": []
            },
            {
              "type": {
                "inverted": false,
                "value": "ResetTimer"
              },
              "parameters": [
                "",
                "\"firerate\""
              ],
              "subInstructions": []
            }
          ],
          "events": []
        },
        {
          "disabled": false,
          "folded": false,
          "type": "BuiltinCommonInstructions::Comment",
          "color": {
            "b": 109,
            "g": 230,
            "r": 255,
            "textB": 0,
            "textG": 0,
            "textR": 0
          },
          "comment": "Create enemies every second in a random position",
          "comment2": ""
        },
        {
          "disabled": false,
          "folded": false,
          "type": "BuiltinCommonInstructions::Standard",
          "conditions": [
            {
              "type": {
                "inverted": false,
                "value": "Timer"
              },
              "parameters": [
                "",
                "1",
                "\"EnemyCreation\""
              ],
              "subInstructions": []
            }
          ],
          "actions": [
            {
              "type": {
                "inverted": false,
                "value": "Create"
              },
              "parameters": [
                "",
                "enemy",
                "Random(800)",
                "-50",
                ""
              ],
              "subInstructions": []
            },
            {
              "type": {
                "inverted": false,
                "value": "ResetTimer"
              },
              "parameters": [
                "",
                "\"EnemyCreation\""
              ],
              "subInstructions": []
            }
          ],
          "events": []
        },
        {
          "disabled": false,
          "folded": false,
          "type": "BuiltinCommonInstructions::Standard",
          "conditions": [],
          "actions": [
            {
              "type": {
                "inverted": false,
                "value": "AddForceVers"
              },
              "parameters": [
                "enemy",
                "turret",
                "150",
                "0"
              ],
              "subInstructions": []
            },
            {
              "type": {
                "inverted": false,
                "value": "RotateTowardPosition"
              },
              "parameters": [
                "enemy",
                "turret.PointX(Centre)",
                "turret.PointY(Centre)",
                "0",
                ""
              ],
              "subInstructions": []
            }
          ],
          "events": []
        },
        {
          "disabled": false,
          "folded": false,
          "type": "BuiltinCommonInstructions::Comment",
          "color": {
            "b": 109,
            "g": 230,
            "r": 255,
            "textB": 0,
            "textG": 0,
            "textR": 0
          },
          "comment": "Destroy enemies on collision with bullet",
          "comment2": ""
        },
        {
          "disabled": false,
          "folded": false,
          "type": "BuiltinCommonInstructions::Standard",
          "conditions": [
            {
              "type": {
                "inverted": false,
                "value": "CollisionNP"
              },
              "parameters": [
                "bullet",
                "enemy",
                "",
                ""
              ],
              "subInstructions": []
            }
          ],
          "actions": [
            {
              "type": {
                "inverted": false,
                "value": "Create"
              },
              "parameters": [
                "",
                "explosion",
                "enemy.PointX(Centre)",
                "enemy.PointY(Centre)",
                ""
              ],
              "subInstructions": []
            },
            {
              "type": {
                "inverted": false,
                "value": "Delete"
              },
              "parameters": [
                "enemy",
                ""
              ],
              "subInstructions": []
            },
            {
              "type": {
                "inverted": false,
                "value": "Delete"
              },
              "parameters": [
                "bullet",
                ""
              ],
              "subInstructions": []
            }
          ],
          "events": []
        },
        {
          "disabled": false,
          "folded": false,
          "type": "BuiltinCommonInstructions::Standard",
          "conditions": [
            {
              "type": {
                "inverted": false,
                "value": "AnimationEnded"
              },
              "parameters": [
                "explosion"
              ],
              "subInstructions": []
            }
          ],
          "actions": [
            {
              "type": {
                "inverted": false,
                "value": "Delete"
              },
              "parameters": [
                "explosion",
                ""
              ],
              "subInstructions": []
            }
          ],
          "events": []
        },
        {
          "disabled": false,
          "folded": false,
          "type": "BuiltinCommonInstructions::Comment",
          "color": {
            "b": 109,
            "g": 230,
            "r": 255,
            "textB": 0,
            "textG": 0,
            "textR": 0
          },
          "comment": "Destroy turret on collision with enemy",
          "comment2": ""
        },
        {
          "disabled": false,
          "folded": false,
          "type": "BuiltinCommonInstructions::Standard",
          "conditions": [
            {
              "type": {
                "inverted": false,
                "value": "CollisionNP"
              },
              "parameters": [
                "enemy",
                "turret",
                "",
                ""
              ],
              "subInstructions": []
            }
          ],
          "actions": [
            {
              "type": {
                "inverted": false,
                "value": "Create"
              },
              "parameters": [
                "",
                "explosion",
                "turret.PointX(Centre)",
                "turret.PointY(Centre)",
                ""
              ],
              "subInstructions": []
            },
            {
              "type": {
                "inverted": false,
                "value": "Delete"
              },
              "parameters": [
                "turret",
                ""
              ],
              "subInstructions": []
            }
          ],
          "events": []
        },
        {
          "disabled": false,
          "folded": false,
          "type": "BuiltinCommonInstructions::Comment",
          "color": {
            "b": 109,
            "g": 230,
            "r": 255,
            "textB": 0,
            "textG": 0,
            "textR": 0
          },
          "comment": "Game Over",
          "comment2": ""
        },
        {
          "disabled": false,
          "folded": false,
          "type": "BuiltinCommonInstructions::Standard",
          "conditions": [
            {
              "type": {
                "inverted": false,
                "value": "DepartScene"
              },
              "parameters": [
                ""
              ],
              "subInstructions": []
            }
          ],
          "actions": [
            {
              "type": {
                "inverted": false,
                "value": "Cache"
              },
              "parameters": [
                "GameOver"
              ],
              "subInstructions": []
            }
          ],
          "events": []
        },
        {
          "disabled": false,
          "folded": false,
          "type": "BuiltinCommonInstructions::Standard",
          "conditions": [
            {
              "type": {
                "inverted": false,
                "value": "NbObjet"
              },
              "parameters": [
                "turret",
                "=",
                "0"
              ],
              "subInstructions": []
            },
            {
              "type": {
                "inverted": false,
                "value": "Timer"
              },
              "parameters": [
                "",
                "0.1",
                "\"GameOver\""
              ],
              "subInstructions": []
            }
          ],
          "actions": [
            {
              "type": {
                "inverted": false,
                "value": "Montre"
              },
              "parameters": [
                "GameOver",
                ""
              ],
              "subInstructions": []
            },
            {
              "type": {
                "inverted": false,
                "value": "ChangeTimeScale"
              },
              "parameters": [
                "",
                "0"
              ],
              "subInstructions": []
            }
          ],
          "events": []
        }
      ],
      "layers": [
        {
          "name": "",
          "visibility": true,
          "cameras": [
            {
              "defaultSize": true,
              "defaultViewport": true,
              "height": 0,
              "viewportBottom": 1,
              "viewportLeft": 0,
              "viewportRight": 1,
              "viewportTop": 0,
              "width": 0
            }
          ],
          "effects": []
        }
      ],
      "behaviorsSharedData": []
    }
  ],
  "externalEvents": [],
  "externalLayouts": [],
  "externalSourceFiles": []
}